<?xml version="1.0" encoding="UTF-8"?>
<metadata xml:lang="en"><Esri><CreaDate>20210406</CreaDate><CreaTime>11334100</CreaTime><ArcGISFormat>1.0</ArcGISFormat><SyncOnce>FALSE</SyncOnce><DataProperties><itemProps><itemName Sync="TRUE">waterwells</itemName><imsContentType Sync="TRUE">002</imsContentType><itemSize Sync="TRUE">0.000</itemSize><itemLocation><linkage Sync="TRUE">file://\\GIS001894\C$\Users\ksivasubramanian\Desktop\Waterwells\waterwells.shp</linkage><protocol Sync="TRUE">Local Area Network</protocol></itemLocation></itemProps><coordRef><type Sync="TRUE">Projected</type><geogcsn Sync="TRUE">GCS_North_American_1927</geogcsn><csUnits Sync="TRUE">Linear Unit: Foot_US (0.304801)</csUnits><projcsn Sync="TRUE">NAD_1927_StatePlane_Indiana_East_FIPS_1301</projcsn><peXml Sync="TRUE">&lt;ProjectedCoordinateSystem xsi:type='typens:ProjectedCoordinateSystem' xmlns:xsi='http://www.w3.org/2001/XMLSchema-instance' xmlns:xs='http://www.w3.org/2001/XMLSchema' xmlns:typens='http://www.esri.com/schemas/ArcGIS/2.5.0'&gt;&lt;WKT&gt;PROJCS[&amp;quot;NAD_1927_StatePlane_Indiana_East_FIPS_1301&amp;quot;,GEOGCS[&amp;quot;GCS_North_American_1927&amp;quot;,DATUM[&amp;quot;D_North_American_1927&amp;quot;,SPHEROID[&amp;quot;Clarke_1866&amp;quot;,6378206.4,294.9786982]],PRIMEM[&amp;quot;Greenwich&amp;quot;,0.0],UNIT[&amp;quot;Degree&amp;quot;,0.0174532925199433]],PROJECTION[&amp;quot;Transverse_Mercator&amp;quot;],PARAMETER[&amp;quot;False_Easting&amp;quot;,500000.0],PARAMETER[&amp;quot;False_Northing&amp;quot;,0.0],PARAMETER[&amp;quot;Central_Meridian&amp;quot;,-85.66666666666667],PARAMETER[&amp;quot;Scale_Factor&amp;quot;,0.9999666666666667],PARAMETER[&amp;quot;Latitude_Of_Origin&amp;quot;,37.5],UNIT[&amp;quot;Foot_US&amp;quot;,0.3048006096012192],AUTHORITY[&amp;quot;EPSG&amp;quot;,26773]]&lt;/WKT&gt;&lt;XOrigin&gt;-17948300&lt;/XOrigin&gt;&lt;YOrigin&gt;-46434700&lt;/YOrigin&gt;&lt;XYScale&gt;137247122.47196287&lt;/XYScale&gt;&lt;ZOrigin&gt;-100000&lt;/ZOrigin&gt;&lt;ZScale&gt;10000&lt;/ZScale&gt;&lt;MOrigin&gt;-100000&lt;/MOrigin&gt;&lt;MScale&gt;10000&lt;/MScale&gt;&lt;XYTolerance&gt;0.0032808333333333331&lt;/XYTolerance&gt;&lt;ZTolerance&gt;0.001&lt;/ZTolerance&gt;&lt;MTolerance&gt;0.001&lt;/MTolerance&gt;&lt;HighPrecision&gt;true&lt;/HighPrecision&gt;&lt;WKID&gt;26773&lt;/WKID&gt;&lt;LatestWKID&gt;26773&lt;/LatestWKID&gt;&lt;/ProjectedCoordinateSystem&gt;</peXml></coordRef><lineage><Process ToolSource="c:\program files\arcgis\pro\Resources\ArcToolbox\toolboxes\Conversion Tools.tbx\FeatureClassToFeatureClass" Date="20210406" Time="113345">FeatureClassToFeatureClass WaterWells C:\Users\ksivasubramanian\Desktop\Waterwells waterwells.shp # "dblrefno "DBLREFNO" true true false 0 Double 0 0,First,#,WaterWells,dblrefno,-1,-1;dblaquelv "DBLAQUELV" true true false 0 Double 0 0,First,#,WaterWells,dblaquelv,-1,-1;dblbailerr "DBLBAILERR" true true false 0 Double 0 0,First,#,WaterWells,dblbailerr,-1,-1;dblbedrock "DBLBEDROCK" true true false 0 Double 0 0,First,#,WaterWells,dblbedrock,-1,-1;dblpumprat "DBLPUMPRAT" true true false 0 Double 0 0,First,#,WaterWells,dblpumprat,-1,-1;dblbedro_1 "DBLBEDRO_1" true true false 0 Double 0 0,First,#,WaterWells,dblbedro_1,-1,-1;dblscreenl "DBLSCREENL" true true false 0 Double 0 0,First,#,WaterWells,dblscreenl,-1,-1;dblstatic "DBLSTATIC" true true false 0 Double 0 0,First,#,WaterWells,dblstatic,-1,-1;dbldepth "DBLDEPTH" true true false 0 Double 0 0,First,#,WaterWells,dbldepth,-1,-1;strowner "STROWNER" true true false 30 Text 0 0,First,#,WaterWells,strowner,0,30;strownerad "STROWNERAD" true true false 50 Text 0 0,First,#,WaterWells,strownerad,0,50;strrng1 "STRRNG1" true true false 4 Text 0 0,First,#,WaterWells,strrng1,0,4;strtwn1 "STRTWN1" true true false 4 Text 0 0,First,#,WaterWells,strtwn1,0,4;dblsec1 "DBLSEC1" true true false 0 Long 0 0,First,#,WaterWells,dblsec1,-1,-1;dblutmy "DBLUTMY" true true false 0 Double 0 0,First,#,WaterWells,dblutmy,-1,-1;dblutmx "DBLUTMX" true true false 0 Double 0 0,First,#,WaterWells,dblutmx,-1,-1;intreserve "INTRESERVE" true true false 0 Long 0 0,First,#,WaterWells,intreserve,-1,-1;strreserve "STRRESERVE" true true false 50 Text 0 0,First,#,WaterWells,strreserve,0,50;strcounty "STRCOUNTY" true true false 15 Text 0 0,First,#,WaterWells,strcounty,0,15;strtopo "STRTOPO" true true false 25 Text 0 0,First,#,WaterWells,strtopo,0,25;dblbailerd "DBLBAILERD" true true false 0 Double 0 0,First,#,WaterWells,dblbailerd,-1,-1;dblbailerh "DBLBAILERH" true true false 0 Double 0 0,First,#,WaterWells,dblbailerh,-1,-1;dblcasingd "DBLCASINGD" true true false 0 Double 0 0,First,#,WaterWells,dblcasingd,-1,-1;dblcasingl "DBLCASINGL" true true false 0 Double 0 0,First,#,WaterWells,dblcasingl,-1,-1;strcasingm "STRCASINGM" true true false 12 Text 0 0,First,#,WaterWells,strcasingm,0,12;dblgroutt "DBLGROUTT" true true false 0 Double 0 0,First,#,WaterWells,dblgroutt,-1,-1;strgroutm "STRGROUTM" true true false 20 Text 0 0,First,#,WaterWells,strgroutm,0,20;dbllinerdi "DBLLINERDI" true true false 0 Double 0 0,First,#,WaterWells,dbllinerdi,-1,-1;dbllinerto "DBLLINERTO" true true false 0 Double 0 0,First,#,WaterWells,dbllinerto,-1,-1;dblpumpset "DBLPUMPSET" true true false 0 Double 0 0,First,#,WaterWells,dblpumpset,-1,-1;dblpumpdw "DBLPUMPDW" true true false 0 Double 0 0,First,#,WaterWells,dblpumpdw,-1,-1;dblpumphou "DBLPUMPHOU" true true false 0 Double 0 0,First,#,WaterWells,dblpumphou,-1,-1;dblscreend "DBLSCREEND" true true false 0 Double 0 0,First,#,WaterWells,dblscreend,-1,-1;dtmcompdat "DTMCOMPDAT" true true false 29 Date 0 0,First,#,WaterWells,dtmcompdat,-1,-1;dblgrndele "DBLGRNDELE" true true false 0 Double 0 0,First,#,WaterWells,dblgrndele,-1,-1;strpumptyp "STRPUMPTYP" true true false 16 Text 0 0,First,#,WaterWells,strpumptyp,0,16;strownertx "STROWNERTX" true true false 13 Text 0 0,First,#,WaterWells,strownertx,0,13;utmx_nad83 "UTMX_NAD83" true true false 0 Double 0 0,First,#,WaterWells,utmx_nad83,-1,-1;utmy_nad83 "UTMY_NAD83" true true false 0 Double 0 0,First,#,WaterWells,utmy_nad83,-1,-1;loc_type "LOC_TYPE" true true false 55 Text 0 0,First,#,WaterWells,loc_type,0,55;report "REPORT" true true false 100 Text 0 0,First,#,WaterWells,report,0,100;near_fid "NEAR_FID" true true false 0 Long 0 0,First,#,WaterWells,near_fid,-1,-1;near_dist "NEAR_DIST" true true false 0 Double 0 0,First,#,WaterWells,near_dist,-1,-1;dist_mi "Dist_Mi" true true false 0 Double 0 0,First,#,WaterWells,dist_mi,-1,-1;dist_mi_bi "Dist_Mi_Bin" true true false 255 Text 0 0,First,#,WaterWells,dist_mi_bin,0,255" #</Process></lineage></DataProperties><SyncDate>20210406</SyncDate><SyncTime>11334200</SyncTime><ModDate>20210406</ModDate><ModTime>11334200</ModTime></Esri><dataIdInfo><envirDesc Sync="TRUE">Microsoft Windows 10 Version 10.0 (Build 18363) ; Esri ArcGIS 12.5.1.22081</envirDesc><dataLang><languageCode value="eng" Sync="TRUE"></languageCode><countryCode value="USA" Sync="TRUE"></countryCode></dataLang><idCitation><resTitle Sync="TRUE">waterwells</resTitle><presForm><PresFormCd value="005" Sync="TRUE"></PresFormCd></presForm></idCitation><spatRpType><SpatRepTypCd value="001" Sync="TRUE"></SpatRepTypCd></spatRpType></dataIdInfo><mdLang><languageCode value="eng" Sync="TRUE"></languageCode><countryCode value="USA" Sync="TRUE"></countryCode></mdLang><mdChar><CharSetCd value="004" Sync="TRUE"></CharSetCd></mdChar><distInfo><distFormat><formatName Sync="TRUE">Shapefile</formatName></distFormat><distTranOps><transSize Sync="TRUE">0.000</transSize></distTranOps></distInfo><mdHrLv><ScopeCd value="005" Sync="TRUE"></ScopeCd></mdHrLv><mdHrLvName Sync="TRUE">dataset</mdHrLvName><refSysInfo><RefSystem><refSysID><identCode code="26773" Sync="TRUE"></identCode><idCodeSpace Sync="TRUE">EPSG</idCodeSpace><idVersion Sync="TRUE">4.5(3.0.1)</idVersion></refSysID></RefSystem></refSysInfo><spatRepInfo><VectSpatRep><geometObjs Name="waterwells"><geoObjTyp><GeoObjTypCd value="004" Sync="TRUE"></GeoObjTypCd></geoObjTyp><geoObjCnt Sync="TRUE">0</geoObjCnt></geometObjs><topLvl><TopoLevCd value="001" Sync="TRUE"></TopoLevCd></topLvl></VectSpatRep></spatRepInfo><spdoinfo><ptvctinf><esriterm Name="waterwells"><efeatyp Sync="TRUE">Simple</efeatyp><efeageom code="1" Sync="TRUE"></efeageom><esritopo Sync="TRUE">FALSE</esritopo><efeacnt Sync="TRUE">0</efeacnt><spindex Sync="TRUE">FALSE</spindex><linrefer Sync="TRUE">FALSE</linrefer></esriterm></ptvctinf></spdoinfo><eainfo><detailed Name="waterwells"><enttyp><enttypl Sync="TRUE">waterwells</enttypl><enttypt Sync="TRUE">Feature Class</enttypt><enttypc Sync="TRUE">0</enttypc></enttyp><attr><attrlabl Sync="TRUE">FID</attrlabl><attalias Sync="TRUE">FID</attalias><attrtype Sync="TRUE">OID</attrtype><attwidth Sync="TRUE">4</attwidth><atprecis Sync="TRUE">0</atprecis><attscale Sync="TRUE">0</attscale><attrdef Sync="TRUE">Internal feature number.</attrdef><attrdefs Sync="TRUE">Esri</attrdefs><attrdomv><udom Sync="TRUE">Sequential unique whole numbers that are automatically generated.</udom></attrdomv></attr><attr><attrlabl Sync="TRUE">Shape</attrlabl><attalias Sync="TRUE">Shape</attalias><attrtype Sync="TRUE">Geometry</attrtype><attwidth Sync="TRUE">0</attwidth><atprecis Sync="TRUE">0</atprecis><attscale Sync="TRUE">0</attscale><attrdef Sync="TRUE">Feature geometry.</attrdef><attrdefs Sync="TRUE">Esri</attrdefs><attrdomv><udom Sync="TRUE">Coordinates defining the features.</udom></attrdomv></attr><attr><attrlabl Sync="TRUE">dblrefno</attrlabl><attalias Sync="TRUE">dblrefno</attalias><attrtype Sync="TRUE">Double</attrtype><attwidth Sync="TRUE">19</attwidth><atprecis Sync="TRUE">0</atprecis><attscale Sync="TRUE">0</attscale></attr><attr><attrlabl Sync="TRUE">dblaquelv</attrlabl><attalias Sync="TRUE">dblaquelv</attalias><attrtype Sync="TRUE">Double</attrtype><attwidth Sync="TRUE">19</attwidth><atprecis Sync="TRUE">0</atprecis><attscale Sync="TRUE">0</attscale></attr><attr><attrlabl Sync="TRUE">dblbailerr</attrlabl><attalias Sync="TRUE">dblbailerr</attalias><attrtype Sync="TRUE">Double</attrtype><attwidth Sync="TRUE">19</attwidth><atprecis Sync="TRUE">0</atprecis><attscale Sync="TRUE">0</attscale></attr><attr><attrlabl Sync="TRUE">dblbedrock</attrlabl><attalias Sync="TRUE">dblbedrock</attalias><attrtype Sync="TRUE">Double</attrtype><attwidth Sync="TRUE">19</attwidth><atprecis Sync="TRUE">0</atprecis><attscale Sync="TRUE">0</attscale></attr><attr><attrlabl Sync="TRUE">dblpumprat</attrlabl><attalias Sync="TRUE">dblpumprat</attalias><attrtype Sync="TRUE">Double</attrtype><attwidth Sync="TRUE">19</attwidth><atprecis Sync="TRUE">0</atprecis><attscale Sync="TRUE">0</attscale></attr><attr><attrlabl Sync="TRUE">dblbedro_1</attrlabl><attalias Sync="TRUE">dblbedro_1</attalias><attrtype Sync="TRUE">Double</attrtype><attwidth Sync="TRUE">19</attwidth><atprecis Sync="TRUE">0</atprecis><attscale Sync="TRUE">0</attscale></attr><attr><attrlabl Sync="TRUE">dblscreenl</attrlabl><attalias Sync="TRUE">dblscreenl</attalias><attrtype Sync="TRUE">Double</attrtype><attwidth Sync="TRUE">19</attwidth><atprecis Sync="TRUE">0</atprecis><attscale Sync="TRUE">0</attscale></attr><attr><attrlabl Sync="TRUE">dblstatic</attrlabl><attalias Sync="TRUE">dblstatic</attalias><attrtype Sync="TRUE">Double</attrtype><attwidth Sync="TRUE">19</attwidth><atprecis Sync="TRUE">0</atprecis><attscale Sync="TRUE">0</attscale></attr><attr><attrlabl Sync="TRUE">dbldepth</attrlabl><attalias Sync="TRUE">dbldepth</attalias><attrtype Sync="TRUE">Double</attrtype><attwidth Sync="TRUE">19</attwidth><atprecis Sync="TRUE">0</atprecis><attscale Sync="TRUE">0</attscale></attr><attr><attrlabl Sync="TRUE">strowner</attrlabl><attalias Sync="TRUE">strowner</attalias><attrtype Sync="TRUE">String</attrtype><attwidth Sync="TRUE">30</attwidth><atprecis Sync="TRUE">0</atprecis><attscale Sync="TRUE">0</attscale></attr><attr><attrlabl Sync="TRUE">strownerad</attrlabl><attalias Sync="TRUE">strownerad</attalias><attrtype Sync="TRUE">String</attrtype><attwidth Sync="TRUE">50</attwidth><atprecis Sync="TRUE">0</atprecis><attscale Sync="TRUE">0</attscale></attr><attr><attrlabl Sync="TRUE">strrng1</attrlabl><attalias Sync="TRUE">strrng1</attalias><attrtype Sync="TRUE">String</attrtype><attwidth Sync="TRUE">4</attwidth><atprecis Sync="TRUE">0</atprecis><attscale Sync="TRUE">0</attscale></attr><attr><attrlabl Sync="TRUE">strtwn1</attrlabl><attalias Sync="TRUE">strtwn1</attalias><attrtype Sync="TRUE">String</attrtype><attwidth Sync="TRUE">4</attwidth><atprecis Sync="TRUE">0</atprecis><attscale Sync="TRUE">0</attscale></attr><attr><attrlabl Sync="TRUE">dblsec1</attrlabl><attalias Sync="TRUE">dblsec1</attalias><attrtype Sync="TRUE">Integer</attrtype><attwidth Sync="TRUE">10</attwidth><atprecis Sync="TRUE">10</atprecis><attscale Sync="TRUE">0</attscale></attr><attr><attrlabl Sync="TRUE">dblutmy</attrlabl><attalias Sync="TRUE">dblutmy</attalias><attrtype Sync="TRUE">Double</attrtype><attwidth Sync="TRUE">19</attwidth><atprecis Sync="TRUE">0</atprecis><attscale Sync="TRUE">0</attscale></attr><attr><attrlabl Sync="TRUE">dblutmx</attrlabl><attalias Sync="TRUE">dblutmx</attalias><attrtype Sync="TRUE">Double</attrtype><attwidth Sync="TRUE">19</attwidth><atprecis Sync="TRUE">0</atprecis><attscale Sync="TRUE">0</attscale></attr><attr><attrlabl Sync="TRUE">intreserve</attrlabl><attalias Sync="TRUE">intreserve</attalias><attrtype Sync="TRUE">Integer</attrtype><attwidth Sync="TRUE">10</attwidth><atprecis Sync="TRUE">10</atprecis><attscale Sync="TRUE">0</attscale></attr><attr><attrlabl Sync="TRUE">strreserve</attrlabl><attalias Sync="TRUE">strreserve</attalias><attrtype Sync="TRUE">String</attrtype><attwidth Sync="TRUE">50</attwidth><atprecis Sync="TRUE">0</atprecis><attscale Sync="TRUE">0</attscale></attr><attr><attrlabl Sync="TRUE">strcounty</attrlabl><attalias Sync="TRUE">strcounty</attalias><attrtype Sync="TRUE">String</attrtype><attwidth Sync="TRUE">15</attwidth><atprecis Sync="TRUE">0</atprecis><attscale Sync="TRUE">0</attscale></attr><attr><attrlabl Sync="TRUE">strtopo</attrlabl><attalias Sync="TRUE">strtopo</attalias><attrtype Sync="TRUE">String</attrtype><attwidth Sync="TRUE">25</attwidth><atprecis Sync="TRUE">0</atprecis><attscale Sync="TRUE">0</attscale></attr><attr><attrlabl Sync="TRUE">dblbailerd</attrlabl><attalias Sync="TRUE">dblbailerd</attalias><attrtype Sync="TRUE">Double</attrtype><attwidth Sync="TRUE">19</attwidth><atprecis Sync="TRUE">0</atprecis><attscale Sync="TRUE">0</attscale></attr><attr><attrlabl Sync="TRUE">dblbailerh</attrlabl><attalias Sync="TRUE">dblbailerh</attalias><attrtype Sync="TRUE">Double</attrtype><attwidth Sync="TRUE">19</attwidth><atprecis Sync="TRUE">0</atprecis><attscale Sync="TRUE">0</attscale></attr><attr><attrlabl Sync="TRUE">dblcasingd</attrlabl><attalias Sync="TRUE">dblcasingd</attalias><attrtype Sync="TRUE">Double</attrtype><attwidth Sync="TRUE">19</attwidth><atprecis Sync="TRUE">0</atprecis><attscale Sync="TRUE">0</attscale></attr><attr><attrlabl Sync="TRUE">dblcasingl</attrlabl><attalias Sync="TRUE">dblcasingl</attalias><attrtype Sync="TRUE">Double</attrtype><attwidth Sync="TRUE">19</attwidth><atprecis Sync="TRUE">0</atprecis><attscale Sync="TRUE">0</attscale></attr><attr><attrlabl Sync="TRUE">strcasingm</attrlabl><attalias Sync="TRUE">strcasingm</attalias><attrtype Sync="TRUE">String</attrtype><attwidth Sync="TRUE">12</attwidth><atprecis Sync="TRUE">0</atprecis><attscale Sync="TRUE">0</attscale></attr><attr><attrlabl Sync="TRUE">dblgroutt</attrlabl><attalias Sync="TRUE">dblgroutt</attalias><attrtype Sync="TRUE">Double</attrtype><attwidth Sync="TRUE">19</attwidth><atprecis Sync="TRUE">0</atprecis><attscale Sync="TRUE">0</attscale></attr><attr><attrlabl Sync="TRUE">strgroutm</attrlabl><attalias Sync="TRUE">strgroutm</attalias><attrtype Sync="TRUE">String</attrtype><attwidth Sync="TRUE">20</attwidth><atprecis Sync="TRUE">0</atprecis><attscale Sync="TRUE">0</attscale></attr><attr><attrlabl Sync="TRUE">dbllinerdi</attrlabl><attalias Sync="TRUE">dbllinerdi</attalias><attrtype Sync="TRUE">Double</attrtype><attwidth Sync="TRUE">19</attwidth><atprecis Sync="TRUE">0</atprecis><attscale Sync="TRUE">0</attscale></attr><attr><attrlabl Sync="TRUE">dbllinerto</attrlabl><attalias Sync="TRUE">dbllinerto</attalias><attrtype Sync="TRUE">Double</attrtype><attwidth Sync="TRUE">19</attwidth><atprecis Sync="TRUE">0</atprecis><attscale Sync="TRUE">0</attscale></attr><attr><attrlabl Sync="TRUE">dblpumpset</attrlabl><attalias Sync="TRUE">dblpumpset</attalias><attrtype Sync="TRUE">Double</attrtype><attwidth Sync="TRUE">19</attwidth><atprecis Sync="TRUE">0</atprecis><attscale Sync="TRUE">0</attscale></attr><attr><attrlabl Sync="TRUE">dblpumpdw</attrlabl><attalias Sync="TRUE">dblpumpdw</attalias><attrtype Sync="TRUE">Double</attrtype><attwidth Sync="TRUE">19</attwidth><atprecis Sync="TRUE">0</atprecis><attscale Sync="TRUE">0</attscale></attr><attr><attrlabl Sync="TRUE">dblpumphou</attrlabl><attalias Sync="TRUE">dblpumphou</attalias><attrtype Sync="TRUE">Double</attrtype><attwidth Sync="TRUE">19</attwidth><atprecis Sync="TRUE">0</atprecis><attscale Sync="TRUE">0</attscale></attr><attr><attrlabl Sync="TRUE">dblscreend</attrlabl><attalias Sync="TRUE">dblscreend</attalias><attrtype Sync="TRUE">Double</attrtype><attwidth Sync="TRUE">19</attwidth><atprecis Sync="TRUE">0</atprecis><attscale Sync="TRUE">0</attscale></attr><attr><attrlabl Sync="TRUE">dtmcompdat</attrlabl><attalias Sync="TRUE">dtmcompdat</attalias><attrtype Sync="TRUE">Date</attrtype><attwidth Sync="TRUE">8</attwidth><atprecis Sync="TRUE">0</atprecis><attscale Sync="TRUE">0</attscale></attr><attr><attrlabl Sync="TRUE">dblgrndele</attrlabl><attalias Sync="TRUE">dblgrndele</attalias><attrtype Sync="TRUE">Double</attrtype><attwidth Sync="TRUE">19</attwidth><atprecis Sync="TRUE">0</atprecis><attscale Sync="TRUE">0</attscale></attr><attr><attrlabl Sync="TRUE">strpumptyp</attrlabl><attalias Sync="TRUE">strpumptyp</attalias><attrtype Sync="TRUE">String</attrtype><attwidth Sync="TRUE">16</attwidth><atprecis Sync="TRUE">0</atprecis><attscale Sync="TRUE">0</attscale></attr><attr><attrlabl Sync="TRUE">strownertx</attrlabl><attalias Sync="TRUE">strownertx</attalias><attrtype Sync="TRUE">String</attrtype><attwidth Sync="TRUE">13</attwidth><atprecis Sync="TRUE">0</atprecis><attscale Sync="TRUE">0</attscale></attr><attr><attrlabl Sync="TRUE">utmx_nad83</attrlabl><attalias Sync="TRUE">utmx_nad83</attalias><attrtype Sync="TRUE">Double</attrtype><attwidth Sync="TRUE">19</attwidth><atprecis Sync="TRUE">0</atprecis><attscale Sync="TRUE">0</attscale></attr><attr><attrlabl Sync="TRUE">utmy_nad83</attrlabl><attalias Sync="TRUE">utmy_nad83</attalias><attrtype Sync="TRUE">Double</attrtype><attwidth Sync="TRUE">19</attwidth><atprecis Sync="TRUE">0</atprecis><attscale Sync="TRUE">0</attscale></attr><attr><attrlabl Sync="TRUE">loc_type</attrlabl><attalias Sync="TRUE">loc_type</attalias><attrtype Sync="TRUE">String</attrtype><attwidth Sync="TRUE">55</attwidth><atprecis Sync="TRUE">0</atprecis><attscale Sync="TRUE">0</attscale></attr><attr><attrlabl Sync="TRUE">report</attrlabl><attalias Sync="TRUE">report</attalias><attrtype Sync="TRUE">String</attrtype><attwidth Sync="TRUE">100</attwidth><atprecis Sync="TRUE">0</atprecis><attscale Sync="TRUE">0</attscale></attr><attr><attrlabl Sync="TRUE">near_fid</attrlabl><attalias Sync="TRUE">near_fid</attalias><attrtype Sync="TRUE">Integer</attrtype><attwidth Sync="TRUE">10</attwidth><atprecis Sync="TRUE">10</atprecis><attscale Sync="TRUE">0</attscale></attr><attr><attrlabl Sync="TRUE">near_dist</attrlabl><attalias Sync="TRUE">near_dist</attalias><attrtype Sync="TRUE">Double</attrtype><attwidth Sync="TRUE">19</attwidth><atprecis Sync="TRUE">0</atprecis><attscale Sync="TRUE">0</attscale></attr><attr><attrlabl Sync="TRUE">dist_mi</attrlabl><attalias Sync="TRUE">dist_mi</attalias><attrtype Sync="TRUE">Double</attrtype><attwidth Sync="TRUE">19</attwidth><atprecis Sync="TRUE">0</atprecis><attscale Sync="TRUE">0</attscale></attr><attr><attrlabl Sync="TRUE">dist_mi_bi</attrlabl><attalias Sync="TRUE">dist_mi_bi</attalias><attrtype Sync="TRUE">String</attrtype><attwidth Sync="TRUE">254</attwidth><atprecis Sync="TRUE">0</atprecis><attscale Sync="TRUE">0</attscale></attr></detailed></eainfo><mdDateSt Sync="TRUE">20210406</mdDateSt></metadata>
